-- TheShop Test Data Seed

-- Categories
INSERT INTO catalog."Categories" ("Id", "Name", "Description") VALUES
('11111111-1111-1111-1111-111111111001', 'Smartphones', 'Mobile phones and accessories'),
('11111111-1111-1111-1111-111111111002', 'Headsets', 'Audio headphones and earbuds'),
('11111111-1111-1111-1111-111111111003', 'Laptops', 'Portable computers');

-- Brands
INSERT INTO catalog."Brands" ("Id", "Name") VALUES
('22222222-2222-2222-2222-222222222001', 'Apple'),
('22222222-2222-2222-2222-222222222002', 'Samsung'),
('22222222-2222-2222-2222-222222222003', 'Sony'),
('22222222-2222-2222-2222-222222222004', 'Google'),
('22222222-2222-2222-2222-222222222005', 'OnePlus'),
('22222222-2222-2222-2222-222222222006', 'Xiaomi'),
('22222222-2222-2222-2222-222222222007', 'Bose'),
('22222222-2222-2222-2222-222222222008', 'JBL'),
('22222222-2222-2222-2222-222222222009', 'Sennheiser'),
('22222222-2222-2222-2222-222222222010', 'Dell'),
('22222222-2222-2222-2222-222222222011', 'Lenovo'),
('22222222-2222-2222-2222-222222222012', 'HP'),
('22222222-2222-2222-2222-222222222013', 'Asus'),
('22222222-2222-2222-2222-222222222014', 'Huawei'),
('22222222-2222-2222-2222-222222222015', 'Motorola');

-- Smartphones (60 products)
INSERT INTO catalog."Products" ("Id", "Name", "Description", "Price", "ImageUrl", "BrandId", "CategoryId", "IsAvailable", "CreatedAt") VALUES
('33333333-0001-0001-0001-000000000001', 'iPhone 15 Pro Max 256GB', 'Latest flagship with A17 Pro chip', 1199.00, "https://dummyimage.com/400x400/222/00d4aa&text=Product", '22222222-2222-2222-2222-222222222001', '11111111-1111-1111-1111-111111111001', true, NOW()),
('33333333-0001-0001-0001-000000000002', 'iPhone 15 Pro 128GB', 'Pro performance in compact size', 999.00, NULL, '22222222-2222-2222-2222-222222222001', '11111111-1111-1111-1111-111111111001', true, NOW()),
('33333333-0001-0001-0001-000000000003', 'iPhone 15 256GB', 'Dynamic Island for everyone', 899.00, NULL, '22222222-2222-2222-2222-222222222001', '11111111-1111-1111-1111-111111111001', true, NOW()),
('33333333-0001-0001-0001-000000000004', 'iPhone 15 Plus 256GB', 'Big screen experience', 999.00, NULL, '22222222-2222-2222-2222-222222222001', '11111111-1111-1111-1111-111111111001', true, NOW()),
('33333333-0001-0001-0001-000000000005', 'iPhone 14 128GB', 'Previous gen great value', 699.00, NULL, '22222222-2222-2222-2222-222222222001', '11111111-1111-1111-1111-111111111001', true, NOW()),
('33333333-0001-0001-0001-000000000006', 'iPhone 14 Plus 128GB', 'Large display value option', 799.00, NULL, '22222222-2222-2222-2222-222222222001', '11111111-1111-1111-1111-111111111001', true, NOW()),
('33333333-0001-0001-0001-000000000007', 'iPhone SE 64GB', 'Compact powerhouse', 429.00, NULL, '22222222-2222-2222-2222-222222222001', '11111111-1111-1111-1111-111111111001', true, NOW()),
('33333333-0001-0001-0001-000000000008', 'iPhone SE 128GB', 'Compact with more storage', 479.00, NULL, '22222222-2222-2222-2222-222222222001', '11111111-1111-1111-1111-111111111001', true, NOW()),
('33333333-0001-0001-0001-000000000009', 'iPhone 15 Pro Max 512GB', 'Maximum storage flagship', 1399.00, NULL, '22222222-2222-2222-2222-222222222001', '11111111-1111-1111-1111-111111111001', true, NOW()),
('33333333-0001-0001-0001-000000000010', 'iPhone 15 Pro Max 1TB', 'Ultimate storage option', 1599.00, NULL, '22222222-2222-2222-2222-222222222001', '11111111-1111-1111-1111-111111111001', true, NOW()),
('33333333-0001-0001-0001-000000000011', 'iPhone 15 Pro 256GB', 'Pro with extra storage', 1099.00, NULL, '22222222-2222-2222-2222-222222222001', '11111111-1111-1111-1111-111111111001', true, NOW()),
('33333333-0001-0001-0001-000000000012', 'iPhone 15 128GB', 'Entry flagship option', 799.00, NULL, '22222222-2222-2222-2222-222222222001', '11111111-1111-1111-1111-111111111001', true, NOW()),
('33333333-0001-0001-0001-000000000013', 'Galaxy S24 Ultra 256GB', 'AI-powered flagship', 1299.00, NULL, '22222222-2222-2222-2222-222222222002', '11111111-1111-1111-1111-111111111001', true, NOW()),
('33333333-0001-0001-0001-000000000014', 'Galaxy S24+ 256GB', 'Premium large screen', 999.00, NULL, '22222222-2222-2222-2222-222222222002', '11111111-1111-1111-1111-111111111001', true, NOW()),
('33333333-0001-0001-0001-000000000015', 'Galaxy S24 128GB', 'Compact flagship', 799.00, NULL, '22222222-2222-2222-2222-222222222002', '11111111-1111-1111-1111-111111111001', true, NOW()),
('33333333-0001-0001-0001-000000000016', 'Galaxy Z Fold5 256GB', 'Foldable innovation', 1799.00, NULL, '22222222-2222-2222-2222-222222222002', '11111111-1111-1111-1111-111111111001', true, NOW()),
('33333333-0001-0001-0001-000000000017', 'Galaxy Z Flip5 256GB', 'Compact foldable style', 999.00, NULL, '22222222-2222-2222-2222-222222222002', '11111111-1111-1111-1111-111111111001', true, NOW()),
('33333333-0001-0001-0001-000000000018', 'Galaxy A54 128GB', 'Mid-range excellence', 449.00, NULL, '22222222-2222-2222-2222-222222222002', '11111111-1111-1111-1111-111111111001', true, NOW()),
('33333333-0001-0001-0001-000000000019', 'Galaxy A34 128GB', 'Affordable performance', 349.00, NULL, '22222222-2222-2222-2222-222222222002', '11111111-1111-1111-1111-111111111001', true, NOW()),
('33333333-0001-0001-0001-000000000020', 'Galaxy A14 64GB', 'Budget friendly', 199.00, NULL, '22222222-2222-2222-2222-222222222002', '11111111-1111-1111-1111-111111111001', true, NOW()),
('33333333-0001-0001-0001-000000000021', 'Galaxy S23 FE 128GB', 'Fan Edition value', 599.00, NULL, '22222222-2222-2222-2222-222222222002', '11111111-1111-1111-1111-111111111001', true, NOW()),
('33333333-0001-0001-0001-000000000022', 'Galaxy S24 Ultra 512GB', 'Ultra with more storage', 1419.00, NULL, '22222222-2222-2222-2222-222222222002', '11111111-1111-1111-1111-111111111001', true, NOW()),
('33333333-0001-0001-0001-000000000023', 'Galaxy Z Fold5 512GB', 'Foldable poweruser', 1919.00, NULL, '22222222-2222-2222-2222-222222222002', '11111111-1111-1111-1111-111111111001', true, NOW()),
('33333333-0001-0001-0001-000000000024', 'Galaxy A24 128GB', 'Everyday smartphone', 279.00, NULL, '22222222-2222-2222-2222-222222222002', '11111111-1111-1111-1111-111111111001', true, NOW()),
('33333333-0001-0001-0001-000000000025', 'Pixel 8 Pro 128GB', 'AI-first flagship', 999.00, NULL, '22222222-2222-2222-2222-222222222004', '11111111-1111-1111-1111-111111111001', true, NOW()),
('33333333-0001-0001-0001-000000000026', 'Pixel 8 128GB', 'Pure Android experience', 699.00, NULL, '22222222-2222-2222-2222-222222222004', '11111111-1111-1111-1111-111111111001', true, NOW()),
('33333333-0001-0001-0001-000000000027', 'Pixel 8 Pro 256GB', 'Pro with extra storage', 1059.00, NULL, '22222222-2222-2222-2222-222222222004', '11111111-1111-1111-1111-111111111001', true, NOW()),
('33333333-0001-0001-0001-000000000028', 'Pixel 7a 128GB', 'Best value Pixel', 499.00, NULL, '22222222-2222-2222-2222-222222222004', '11111111-1111-1111-1111-111111111001', true, NOW()),
('33333333-0001-0001-0001-000000000029', 'Pixel Fold 256GB', 'Google foldable', 1799.00, NULL, '22222222-2222-2222-2222-222222222004', '11111111-1111-1111-1111-111111111001', true, NOW()),
('33333333-0001-0001-0001-000000000030', 'Pixel 8 256GB', 'More storage option', 759.00, NULL, '22222222-2222-2222-2222-222222222004', '11111111-1111-1111-1111-111111111001', true, NOW()),
('33333333-0001-0001-0001-000000000031', 'Pixel 8 Pro 512GB', 'Maximum Pixel storage', 1179.00, NULL, '22222222-2222-2222-2222-222222222004', '11111111-1111-1111-1111-111111111001', true, NOW()),
('33333333-0001-0001-0001-000000000032', 'Pixel Fold 512GB', 'Foldable with storage', 1919.00, NULL, '22222222-2222-2222-2222-222222222004', '11111111-1111-1111-1111-111111111001', true, NOW()),
('33333333-0001-0001-0001-000000000033', 'OnePlus 12 256GB', 'Flagship killer returns', 799.00, NULL, '22222222-2222-2222-2222-222222222005', '11111111-1111-1111-1111-111111111001', true, NOW()),
('33333333-0001-0001-0001-000000000034', 'OnePlus 12R 128GB', 'Value flagship', 499.00, NULL, '22222222-2222-2222-2222-222222222005', '11111111-1111-1111-1111-111111111001', true, NOW()),
('33333333-0001-0001-0001-000000000035', 'OnePlus Open 512GB', 'Premium foldable', 1699.00, NULL, '22222222-2222-2222-2222-222222222005', '11111111-1111-1111-1111-111111111001', true, NOW()),
('33333333-0001-0001-0001-000000000036', 'OnePlus Nord 3 128GB', 'Mid-range champion', 399.00, NULL, '22222222-2222-2222-2222-222222222005', '11111111-1111-1111-1111-111111111001', true, NOW()),
('33333333-0001-0001-0001-000000000037', 'OnePlus 11 256GB', 'Previous flagship', 649.00, NULL, '22222222-2222-2222-2222-222222222005', '11111111-1111-1111-1111-111111111001', true, NOW()),
('33333333-0001-0001-0001-000000000038', 'OnePlus Nord CE 3 128GB', 'Core Edition value', 299.00, NULL, '22222222-2222-2222-2222-222222222005', '11111111-1111-1111-1111-111111111001', true, NOW()),
('33333333-0001-0001-0001-000000000039', 'OnePlus 12 512GB', 'Flagship more storage', 899.00, NULL, '22222222-2222-2222-2222-222222222005', '11111111-1111-1111-1111-111111111001', true, NOW()),
('33333333-0001-0001-0001-000000000040', 'OnePlus Nord N30 128GB', 'Budget Nord', 229.00, NULL, '22222222-2222-2222-2222-222222222005', '11111111-1111-1111-1111-111111111001', true, NOW()),
('33333333-0001-0001-0001-000000000041', 'Xiaomi 14 Ultra 512GB', 'Leica camera flagship', 1299.00, NULL, '22222222-2222-2222-2222-222222222006', '11111111-1111-1111-1111-111111111001', true, NOW()),
('33333333-0001-0001-0001-000000000042', 'Xiaomi 14 256GB', 'Compact flagship', 899.00, NULL, '22222222-2222-2222-2222-222222222006', '11111111-1111-1111-1111-111111111001', true, NOW()),
('33333333-0001-0001-0001-000000000043', 'Xiaomi 13T Pro 256GB', 'Value flagship', 649.00, NULL, '22222222-2222-2222-2222-222222222006', '11111111-1111-1111-1111-111111111001', true, NOW()),
('33333333-0001-0001-0001-000000000044', 'Xiaomi 13T 256GB', 'Performance value', 549.00, NULL, '22222222-2222-2222-2222-222222222006', '11111111-1111-1111-1111-111111111001', true, NOW()),
('33333333-0001-0001-0001-000000000045', 'Redmi Note 13 Pro+ 256GB', 'Mid-range king', 449.00, NULL, '22222222-2222-2222-2222-222222222006', '11111111-1111-1111-1111-111111111001', true, NOW()),
('33333333-0001-0001-0001-000000000046', 'Redmi Note 13 Pro 128GB', 'Popular mid-range', 349.00, NULL, '22222222-2222-2222-2222-222222222006', '11111111-1111-1111-1111-111111111001', true, NOW()),
('33333333-0001-0001-0001-000000000047', 'Redmi Note 13 128GB', 'Everyday performer', 249.00, NULL, '22222222-2222-2222-2222-222222222006', '11111111-1111-1111-1111-111111111001', true, NOW()),
('33333333-0001-0001-0001-000000000048', 'Redmi 13C 64GB', 'Budget option', 149.00, NULL, '22222222-2222-2222-2222-222222222006', '11111111-1111-1111-1111-111111111001', true, NOW()),
('33333333-0001-0001-0001-000000000049', 'Poco F5 Pro 256GB', 'Gaming focus', 499.00, NULL, '22222222-2222-2222-2222-222222222006', '11111111-1111-1111-1111-111111111001', true, NOW()),
('33333333-0001-0001-0001-000000000050', 'Poco X6 Pro 256GB', 'Performance value', 379.00, NULL, '22222222-2222-2222-2222-222222222006', '11111111-1111-1111-1111-111111111001', true, NOW()),
('33333333-0001-0001-0001-000000000051', 'Xperia 1 V 256GB', 'Creator flagship', 1399.00, NULL, '22222222-2222-2222-2222-222222222003', '11111111-1111-1111-1111-111111111001', true, NOW()),
('33333333-0001-0001-0001-000000000052', 'Xperia 5 V 128GB', 'Compact creator phone', 999.00, NULL, '22222222-2222-2222-2222-222222222003', '11111111-1111-1111-1111-111111111001', true, NOW()),
('33333333-0001-0001-0001-000000000053', 'Xperia 10 V 128GB', 'Mid-range Sony', 449.00, NULL, '22222222-2222-2222-2222-222222222003', '11111111-1111-1111-1111-111111111001', true, NOW()),
('33333333-0001-0001-0001-000000000054', 'Xperia 1 V 512GB', 'Creator max storage', 1499.00, NULL, '22222222-2222-2222-2222-222222222003', '11111111-1111-1111-1111-111111111001', true, NOW()),
('33333333-0001-0001-0001-000000000055', 'Xperia 5 V 256GB', 'Compact more storage', 1099.00, NULL, '22222222-2222-2222-2222-222222222003', '11111111-1111-1111-1111-111111111001', true, NOW()),
('33333333-0001-0001-0001-000000000056', 'Motorola Edge 40 Pro 256GB', 'Moto flagship', 799.00, NULL, '22222222-2222-2222-2222-222222222015', '11111111-1111-1111-1111-111111111001', true, NOW()),
('33333333-0001-0001-0001-000000000057', 'Motorola Edge 40 256GB', 'Premium mid-range', 599.00, NULL, '22222222-2222-2222-2222-222222222015', '11111111-1111-1111-1111-111111111001', true, NOW()),
('33333333-0001-0001-0001-000000000058', 'Motorola Razr 40 Ultra 256GB', 'Flip phone returns', 1099.00, NULL, '22222222-2222-2222-2222-222222222015', '11111111-1111-1111-1111-111111111001', true, NOW()),
('33333333-0001-0001-0001-000000000059', 'Moto G84 128GB', 'G series best', 299.00, NULL, '22222222-2222-2222-2222-222222222015', '11111111-1111-1111-1111-111111111001', true, NOW()),
('33333333-0001-0001-0001-000000000060', 'Moto G54 128GB', 'Budget performer', 229.00, NULL, '22222222-2222-2222-2222-222222222015', '11111111-1111-1111-1111-111111111001', true, NOW());

-- Headsets (50 products)
INSERT INTO catalog."Products" ("Id", "Name", "Description", "Price", "ImageUrl", "BrandId", "CategoryId", "IsAvailable", "CreatedAt") VALUES
('33333333-0002-0002-0002-000000000001', 'Sony WH-1000XM5', 'Premium ANC over-ear', 399.00, NULL, '22222222-2222-2222-2222-222222222003', '11111111-1111-1111-1111-111111111002', true, NOW()),
('33333333-0002-0002-0002-000000000002', 'Sony WH-1000XM4', 'Previous gen ANC', 299.00, NULL, '22222222-2222-2222-2222-222222222003', '11111111-1111-1111-1111-111111111002', true, NOW()),
('33333333-0002-0002-0002-000000000003', 'Sony WF-1000XM5', 'Premium ANC earbuds', 299.00, NULL, '22222222-2222-2222-2222-222222222003', '11111111-1111-1111-1111-111111111002', true, NOW()),
('33333333-0002-0002-0002-000000000004', 'Sony WF-1000XM4', 'Previous gen earbuds', 199.00, NULL, '22222222-2222-2222-2222-222222222003', '11111111-1111-1111-1111-111111111002', true, NOW()),
('33333333-0002-0002-0002-000000000005', 'Sony LinkBuds S', 'Ambient aware earbuds', 179.00, NULL, '22222222-2222-2222-2222-222222222003', '11111111-1111-1111-1111-111111111002', true, NOW()),
('33333333-0002-0002-0002-000000000006', 'Sony LinkBuds', 'Open ring design', 149.00, NULL, '22222222-2222-2222-2222-222222222003', '11111111-1111-1111-1111-111111111002', true, NOW()),
('33333333-0002-0002-0002-000000000007', 'Sony WH-CH720N', 'Value ANC over-ear', 149.00, NULL, '22222222-2222-2222-2222-222222222003', '11111111-1111-1111-1111-111111111002', true, NOW()),
('33333333-0002-0002-0002-000000000008', 'Sony WF-C700N', 'Value ANC earbuds', 119.00, NULL, '22222222-2222-2222-2222-222222222003', '11111111-1111-1111-1111-111111111002', true, NOW()),
('33333333-0002-0002-0002-000000000009', 'Sony INZONE H9', 'Gaming wireless ANC', 299.00, NULL, '22222222-2222-2222-2222-222222222003', '11111111-1111-1111-1111-111111111002', true, NOW()),
('33333333-0002-0002-0002-000000000010', 'Sony INZONE H7', 'Gaming wireless', 229.00, NULL, '22222222-2222-2222-2222-222222222003', '11111111-1111-1111-1111-111111111002', true, NOW()),
('33333333-0002-0002-0002-000000000011', 'Bose QuietComfort Ultra', 'Premium ANC headphones', 429.00, NULL, '22222222-2222-2222-2222-222222222007', '11111111-1111-1111-1111-111111111002', true, NOW()),
('33333333-0002-0002-0002-000000000012', 'Bose QuietComfort 45', 'Classic ANC comfort', 329.00, NULL, '22222222-2222-2222-2222-222222222007', '11111111-1111-1111-1111-111111111002', true, NOW()),
('33333333-0002-0002-0002-000000000013', 'Bose 700', 'Premium design ANC', 379.00, NULL, '22222222-2222-2222-2222-222222222007', '11111111-1111-1111-1111-111111111002', true, NOW()),
('33333333-0002-0002-0002-000000000014', 'Bose QuietComfort Earbuds II', 'Premium ANC earbuds', 299.00, NULL, '22222222-2222-2222-2222-222222222007', '11111111-1111-1111-1111-111111111002', true, NOW()),
('33333333-0002-0002-0002-000000000015', 'Bose QuietComfort Ultra Earbuds', 'Top tier earbuds', 349.00, NULL, '22222222-2222-2222-2222-222222222007', '11111111-1111-1111-1111-111111111002', true, NOW()),
('33333333-0002-0002-0002-000000000016', 'Bose Sport Earbuds', 'Workout focused', 179.00, NULL, '22222222-2222-2222-2222-222222222007', '11111111-1111-1111-1111-111111111002', true, NOW()),
('33333333-0002-0002-0002-000000000017', 'Bose SoundLink Flex', 'Portable speaker', 149.00, NULL, '22222222-2222-2222-2222-222222222007', '11111111-1111-1111-1111-111111111002', true, NOW()),
('33333333-0002-0002-0002-000000000018', 'Bose QuietComfort Headphones', 'New QC line', 349.00, NULL, '22222222-2222-2222-2222-222222222007', '11111111-1111-1111-1111-111111111002', true, NOW()),
('33333333-0002-0002-0002-000000000019', 'Bose SoundSport Free', 'Sport true wireless', 149.00, NULL, '22222222-2222-2222-2222-222222222007', '11111111-1111-1111-1111-111111111002', true, NOW()),
('33333333-0002-0002-0002-000000000020', 'Bose Ultra Open Earbuds', 'Open ear design', 299.00, NULL, '22222222-2222-2222-2222-222222222007', '11111111-1111-1111-1111-111111111002', true, NOW()),
('33333333-0002-0002-0002-000000000021', 'JBL Tour One M2', 'Premium ANC over-ear', 349.00, NULL, '22222222-2222-2222-2222-222222222008', '11111111-1111-1111-1111-111111111002', true, NOW()),
('33333333-0002-0002-0002-000000000022', 'JBL Live 770NC', 'ANC with style', 199.00, NULL, '22222222-2222-2222-2222-222222222008', '11111111-1111-1111-1111-111111111002', true, NOW()),
('33333333-0002-0002-0002-000000000023', 'JBL Live 670NC', 'Mid-range ANC', 149.00, NULL, '22222222-2222-2222-2222-222222222008', '11111111-1111-1111-1111-111111111002', true, NOW()),
('33333333-0002-0002-0002-000000000024', 'JBL Tour Pro 2', 'Smart case earbuds', 249.00, NULL, '22222222-2222-2222-2222-222222222008', '11111111-1111-1111-1111-111111111002', true, NOW()),
('33333333-0002-0002-0002-000000000025', 'JBL Live Pro 2', 'ANC earbuds', 179.00, NULL, '22222222-2222-2222-2222-222222222008', '11111111-1111-1111-1111-111111111002', true, NOW()),
('33333333-0002-0002-0002-000000000026', 'JBL Tune 770NC', 'Value ANC', 99.00, NULL, '22222222-2222-2222-2222-222222222008', '11111111-1111-1111-1111-111111111002', true, NOW()),
('33333333-0002-0002-0002-000000000027', 'JBL Tune 760NC', 'Budget ANC', 79.00, NULL, '22222222-2222-2222-2222-222222222008', '11111111-1111-1111-1111-111111111002', true, NOW()),
('33333333-0002-0002-0002-000000000028', 'JBL Wave 300TWS', 'Budget earbuds', 49.00, NULL, '22222222-2222-2222-2222-222222222008', '11111111-1111-1111-1111-111111111002', true, NOW()),
('33333333-0002-0002-0002-000000000029', 'JBL Quantum 910', 'Gaming flagship', 249.00, NULL, '22222222-2222-2222-2222-222222222008', '11111111-1111-1111-1111-111111111002', true, NOW()),
('33333333-0002-0002-0002-000000000030', 'JBL Quantum 810', 'Gaming wireless', 179.00, NULL, '22222222-2222-2222-2222-222222222008', '11111111-1111-1111-1111-111111111002', true, NOW()),
('33333333-0002-0002-0002-000000000031', 'Sennheiser Momentum 4', 'Premium wireless', 349.00, NULL, '22222222-2222-2222-2222-222222222009', '11111111-1111-1111-1111-111111111002', true, NOW()),
('33333333-0002-0002-0002-000000000032', 'Sennheiser HD 660S2', 'Audiophile open-back', 499.00, NULL, '22222222-2222-2222-2222-222222222009', '11111111-1111-1111-1111-111111111002', true, NOW()),
('33333333-0002-0002-0002-000000000033', 'Sennheiser HD 600', 'Classic audiophile', 399.00, NULL, '22222222-2222-2222-2222-222222222009', '11111111-1111-1111-1111-111111111002', true, NOW()),
('33333333-0002-0002-0002-000000000034', 'Sennheiser HD 560S', 'Reference listening', 199.00, NULL, '22222222-2222-2222-2222-222222222009', '11111111-1111-1111-1111-111111111002', true, NOW()),
('33333333-0002-0002-0002-000000000035', 'Sennheiser Momentum TW 3', 'Premium earbuds', 279.00, NULL, '22222222-2222-2222-2222-222222222009', '11111111-1111-1111-1111-111111111002', true, NOW()),
('33333333-0002-0002-0002-000000000036', 'Sennheiser CX Plus', 'ANC earbuds value', 129.00, NULL, '22222222-2222-2222-2222-222222222009', '11111111-1111-1111-1111-111111111002', true, NOW()),
('33333333-0002-0002-0002-000000000037', 'Sennheiser Accentum', 'Wireless ANC', 179.00, NULL, '22222222-2222-2222-2222-222222222009', '11111111-1111-1111-1111-111111111002', true, NOW()),
('33333333-0002-0002-0002-000000000038', 'Sennheiser HD 450BT', 'Wireless value', 149.00, NULL, '22222222-2222-2222-2222-222222222009', '11111111-1111-1111-1111-111111111002', true, NOW()),
('33333333-0002-0002-0002-000000000039', 'Sennheiser IE 600', 'Audiophile IEM', 699.00, NULL, '22222222-2222-2222-2222-222222222009', '11111111-1111-1111-1111-111111111002', true, NOW()),
('33333333-0002-0002-0002-000000000040', 'Sennheiser IE 200', 'Entry audiophile IEM', 149.00, NULL, '22222222-2222-2222-2222-222222222009', '11111111-1111-1111-1111-111111111002', true, NOW()),
('33333333-0002-0002-0002-000000000041', 'AirPods Pro 2nd Gen', 'Premium ANC earbuds', 249.00, NULL, '22222222-2222-2222-2222-222222222001', '11111111-1111-1111-1111-111111111002', true, NOW()),
('33333333-0002-0002-0002-000000000042', 'AirPods 3rd Gen', 'Spatial audio earbuds', 179.00, NULL, '22222222-2222-2222-2222-222222222001', '11111111-1111-1111-1111-111111111002', true, NOW()),
('33333333-0002-0002-0002-000000000043', 'AirPods 2nd Gen', 'Classic earbuds', 129.00, NULL, '22222222-2222-2222-2222-222222222001', '11111111-1111-1111-1111-111111111002', true, NOW()),
('33333333-0002-0002-0002-000000000044', 'AirPods Max Space Gray', 'Premium over-ear', 549.00, NULL, '22222222-2222-2222-2222-222222222001', '11111111-1111-1111-1111-111111111002', true, NOW()),
('33333333-0002-0002-0002-000000000045', 'AirPods Max Silver', 'Premium over-ear silver', 549.00, NULL, '22222222-2222-2222-2222-222222222001', '11111111-1111-1111-1111-111111111002', true, NOW()),
('33333333-0002-0002-0002-000000000046', 'AirPods Max Sky Blue', 'Premium over-ear blue', 549.00, NULL, '22222222-2222-2222-2222-222222222001', '11111111-1111-1111-1111-111111111002', true, NOW()),
('33333333-0002-0002-0002-000000000047', 'AirPods Max Pink', 'Premium over-ear pink', 549.00, NULL, '22222222-2222-2222-2222-222222222001', '11111111-1111-1111-1111-111111111002', true, NOW()),
('33333333-0002-0002-0002-000000000048', 'AirPods Max Green', 'Premium over-ear green', 549.00, NULL, '22222222-2222-2222-2222-222222222001', '11111111-1111-1111-1111-111111111002', true, NOW()),
('33333333-0002-0002-0002-000000000049', 'AirPods Pro USB-C', 'Latest connector', 249.00, NULL, '22222222-2222-2222-2222-222222222001', '11111111-1111-1111-1111-111111111002', true, NOW()),
('33333333-0002-0002-0002-000000000050', 'Beats Studio Pro', 'Apple owned Beats', 349.00, NULL, '22222222-2222-2222-2222-222222222001', '11111111-1111-1111-1111-111111111002', true, NOW());

-- Laptops (30 products)
INSERT INTO catalog."Products" ("Id", "Name", "Description", "Price", "ImageUrl", "BrandId", "CategoryId", "IsAvailable", "CreatedAt") VALUES
('33333333-0003-0003-0003-000000000001', 'MacBook Pro 14 M3 Pro', 'Pro chip laptop', 1999.00, NULL, '22222222-2222-2222-2222-222222222001', '11111111-1111-1111-1111-111111111003', true, NOW()),
('33333333-0003-0003-0003-000000000002', 'MacBook Pro 16 M3 Max', 'Maximum performance', 3499.00, NULL, '22222222-2222-2222-2222-222222222001', '11111111-1111-1111-1111-111111111003', true, NOW()),
('33333333-0003-0003-0003-000000000003', 'MacBook Air 13 M3', 'Thin and light M3', 1099.00, NULL, '22222222-2222-2222-2222-222222222001', '11111111-1111-1111-1111-111111111003', true, NOW()),
('33333333-0003-0003-0003-000000000004', 'MacBook Air 15 M3', 'Larger Air display', 1299.00, NULL, '22222222-2222-2222-2222-222222222001', '11111111-1111-1111-1111-111111111003', true, NOW()),
('33333333-0003-0003-0003-000000000005', 'MacBook Pro 14 M3', 'Entry Pro laptop', 1599.00, NULL, '22222222-2222-2222-2222-222222222001', '11111111-1111-1111-1111-111111111003', true, NOW()),
('33333333-0003-0003-0003-000000000006', 'MacBook Pro 16 M3 Pro', 'Large screen Pro', 2499.00, NULL, '22222222-2222-2222-2222-222222222001', '11111111-1111-1111-1111-111111111003', true, NOW()),
('33333333-0003-0003-0003-000000000007', 'Dell XPS 15 9530', 'Premium Windows laptop', 1799.00, NULL, '22222222-2222-2222-2222-222222222010', '11111111-1111-1111-1111-111111111003', true, NOW()),
('33333333-0003-0003-0003-000000000008', 'Dell XPS 13 Plus', 'Compact premium', 1399.00, NULL, '22222222-2222-2222-2222-222222222010', '11111111-1111-1111-1111-111111111003', true, NOW()),
('33333333-0003-0003-0003-000000000009', 'Dell XPS 17 9730', 'Large screen creator', 2299.00, NULL, '22222222-2222-2222-2222-222222222010', '11111111-1111-1111-1111-111111111003', true, NOW()),
('33333333-0003-0003-0003-000000000010', 'Dell Inspiron 16 Plus', 'Value performance', 999.00, NULL, '22222222-2222-2222-2222-222222222010', '11111111-1111-1111-1111-111111111003', true, NOW()),
('33333333-0003-0003-0003-000000000011', 'Dell Latitude 7440', 'Business ultrabook', 1599.00, NULL, '22222222-2222-2222-2222-222222222010', '11111111-1111-1111-1111-111111111003', true, NOW()),
('33333333-0003-0003-0003-000000000012', 'Dell G16 Gaming', 'Gaming laptop', 1499.00, NULL, '22222222-2222-2222-2222-222222222010', '11111111-1111-1111-1111-111111111003', true, NOW()),
('33333333-0003-0003-0003-000000000013', 'ThinkPad X1 Carbon Gen 11', 'Business flagship', 1849.00, NULL, '22222222-2222-2222-2222-222222222011', '11111111-1111-1111-1111-111111111003', true, NOW()),
('33333333-0003-0003-0003-000000000014', 'ThinkPad X1 Yoga Gen 8', 'Convertible business', 1999.00, NULL, '22222222-2222-2222-2222-222222222011', '11111111-1111-1111-1111-111111111003', true, NOW()),
('33333333-0003-0003-0003-000000000015', 'Yoga 9i 14', 'Premium convertible', 1499.00, NULL, '22222222-2222-2222-2222-222222222011', '11111111-1111-1111-1111-111111111003', true, NOW()),
('33333333-0003-0003-0003-000000000016', 'IdeaPad Pro 5 16', 'Creator laptop', 1199.00, NULL, '22222222-2222-2222-2222-222222222011', '11111111-1111-1111-1111-111111111003', true, NOW()),
('33333333-0003-0003-0003-000000000017', 'Legion Pro 7i', 'Gaming flagship', 2499.00, NULL, '22222222-2222-2222-2222-222222222011', '11111111-1111-1111-1111-111111111003', true, NOW()),
('33333333-0003-0003-0003-000000000018', 'Legion 5 Pro', 'Gaming value', 1399.00, NULL, '22222222-2222-2222-2222-222222222011', '11111111-1111-1111-1111-111111111003', true, NOW()),
('33333333-0003-0003-0003-000000000019', 'HP Spectre x360 14', 'Premium convertible', 1649.00, NULL, '22222222-2222-2222-2222-222222222012', '11111111-1111-1111-1111-111111111003', true, NOW()),
('33333333-0003-0003-0003-000000000020', 'HP Spectre x360 16', 'Large convertible', 1849.00, NULL, '22222222-2222-2222-2222-222222222012', '11111111-1111-1111-1111-111111111003', true, NOW()),
('33333333-0003-0003-0003-000000000021', 'HP Envy 16', 'Creator laptop', 1399.00, NULL, '22222222-2222-2222-2222-222222222012', '11111111-1111-1111-1111-111111111003', true, NOW()),
('33333333-0003-0003-0003-000000000022', 'HP EliteBook 840 G10', 'Business ultrabook', 1549.00, NULL, '22222222-2222-2222-2222-222222222012', '11111111-1111-1111-1111-111111111003', true, NOW()),
('33333333-0003-0003-0003-000000000023', 'HP Omen 16', 'Gaming laptop', 1599.00, NULL, '22222222-2222-2222-2222-222222222012', '11111111-1111-1111-1111-111111111003', true, NOW()),
('33333333-0003-0003-0003-000000000024', 'HP Pavilion Plus 14', 'Value premium', 899.00, NULL, '22222222-2222-2222-2222-222222222012', '11111111-1111-1111-1111-111111111003', true, NOW()),
('33333333-0003-0003-0003-000000000025', 'ASUS ROG Zephyrus G14', 'Gaming ultrabook', 1649.00, NULL, '22222222-2222-2222-2222-222222222013', '11111111-1111-1111-1111-111111111003', true, NOW()),
('33333333-0003-0003-0003-000000000026', 'ASUS ROG Strix G16', 'Gaming performance', 1499.00, NULL, '22222222-2222-2222-2222-222222222013', '11111111-1111-1111-1111-111111111003', true, NOW()),
('33333333-0003-0003-0003-000000000027', 'ASUS ZenBook 14 OLED', 'Premium ultrabook', 1099.00, NULL, '22222222-2222-2222-2222-222222222013', '11111111-1111-1111-1111-111111111003', true, NOW()),
('33333333-0003-0003-0003-000000000028', 'ASUS ZenBook Pro 16X', 'Creator powerhouse', 2499.00, NULL, '22222222-2222-2222-2222-222222222013', '11111111-1111-1111-1111-111111111003', true, NOW()),
('33333333-0003-0003-0003-000000000029', 'ASUS ProArt Studiobook 16', 'Professional creator', 2799.00, NULL, '22222222-2222-2222-2222-222222222013', '11111111-1111-1111-1111-111111111003', true, NOW()),
('33333333-0003-0003-0003-000000000030', 'ASUS VivoBook S 15 OLED', 'Value OLED laptop', 799.00, NULL, '22222222-2222-2222-2222-222222222013', '11111111-1111-1111-1111-111111111003', true, NOW());
